{
  "network_001": {
    "MAPK3": [
      0.0
    ],
    "MYC": [
      0.005002
    ],
    "CCND1": [
      0.004363
    ],
    "CCNE1": [
      1.000004
    ]
  },
  "network_002": {
    "MAPK3": [
      0.0
    ],
    "MYC": [
      0.44313200000000025
    ],
    "CCND1": [
      0.44300900000000026
    ],
    "CCNE1": [
      0.9891179999999999
    ]
  },
  "network_003": {
    "MAPK3": [
      0.001
    ],
    "MYC": [
      0.146
    ],
    "CCND1": [
      0.414
    ],
    "CCNE1": [
      1.000002
    ]
  },
  "network_004": {
    "MAPK3": [
      0.001799
    ],
    "MYC": [
      0.066
    ],
    "CCND1": [
      0.3504900000000001
    ],
    "CCNE1": [
      0.9999989999999999
    ]
  },
  "network_005": {
    "MAPK3": [
      0.0
    ],
    "MYC": [
      0.0
    ],
    "CCND1": [
      0.48896599999999985
    ],
    "CCNE1": [
      1.0000019999999992
    ]
  },
  "network_006": {
    "MAPK3": [
      0.0
    ],
    "MYC": [
      0.4738300000000002
    ],
    "CCND1": [
      0.7593249999999978
    ],
    "CCNE1": [
      0.0
    ]
  },
  "network_007": {
    "MAPK3": [
      0.0
    ],
    "MYC": [
      0.0
    ],
    "CCND1": [
      0.0
    ],
    "CCNE1": [
      0.003479999999999999
    ]
  },
  "network_017": {
    "MAPK3": [
      0.0
    ],
    "MYC": [
      0.0
    ],
    "CCND1": [
      0.0
    ],
    "CCNE1": [
      0.0
    ]
  },
  "network_018": {
    "MAPK3": [
      0.0
    ],
    "MYC": [
      0.0
    ],
    "CCND1": [
      0.0
    ],
    "CCNE1": [
      0.0
    ]
  },
  "network_021": {
    "MAPK3": [
      0.0
    ],
    "MYC": [
      0.0
    ],
    "CCND1": [
      0.48896599999999985
    ],
    "CCNE1": [
      1.0000019999999992
    ]
  },
  "network_022": {
    "MAPK3": [
      0.0
    ],
    "MYC": [
      0.0
    ],
    "CCND1": [
      0.0
    ],
    "CCNE1": [
      0.003479999999999999
    ]
  },
  "network_023": {
    "MAPK3": [
      0.0
    ],
    "MYC": [
      0.4738300000000002
    ],
    "CCND1": [
      0.7593249999999978
    ],
    "CCNE1": [
      0.0
    ]
  },
  "network_009": {
    "MAPK3": [
      0.00494
    ],
    "MYC": [
      0.005501000000000001
    ],
    "CCND1": [
      0.9677119999999999
    ],
    "CCNE1": [
      0.9767949999999997
    ]
  },
  "network_010": {
    "MAPK3": [
      0.1923210000000001
    ],
    "MYC": [
      0.9729950000000005
    ],
    "CCND1": [
      0.8943750000000008
    ],
    "CCNE1": [
      0.9706540000000008
    ]
  },
  "network_011": {
    "MAPK3": [
      0.6044300000000001
    ],
    "MYC": [
      0.8594610000000006
    ],
    "CCND1": [
      0.660991
    ],
    "CCNE1": [
      0.581486
    ]
  },
  "network_012": {
    "MAPK3": [
      0.6560579999999998
    ],
    "MYC": [
      0.24599600000000013
    ],
    "CCND1": [
      0.8777120000000008
    ],
    "CCNE1": [
      0.6165850000000005
    ]
  },
  "network_013": {
    "MAPK3": [
      0.049605000000000066
    ],
    "MYC": [
      0.006907000000000002
    ],
    "CCND1": [
      0.03609700000000002
    ],
    "CCNE1": [
      0.023666999999999997
    ]
  },
  "network_014": {
    "MAPK3": [
      0.4944510000000004
    ],
    "MYC": [
      0.14684500000000014
    ],
    "CCND1": [
      0.3023920000000002
    ],
    "CCNE1": [
      0.13579300000000002
    ]
  },
  "network_015": {
    "MAPK3": [
      0.5015539999999999
    ],
    "MYC": [
      0.7510000000000001
    ],
    "CCND1": [
      0.7510000000000001
    ],
    "CCNE1": [
      0.502
    ]
  },
  "network_016": {
    "MAPK3": [
      0.8141620000000003
    ],
    "MYC": [
      0.3531280000000001
    ],
    "CCND1": [
      0.9664990000000007
    ],
    "CCNE1": [
      0.8122880000000005
    ]
  },
  "network_019": {
    "MAPK3": [
      0.214443
    ],
    "MYC": [
      0.0
    ],
    "CCND1": [
      2e-05
    ],
    "CCNE1": [
      0.07076499999999993
    ]
  },
  "network_020": {
    "MAPK3": [
      0.502
    ],
    "MYC": [
      0.002
    ],
    "CCND1": [
      0.5045109999999999
    ],
    "CCNE1": [
      0.5023489999999999
    ]
  },
  "network_025": {
    "MAPK3": [
      0.049605000000000066
    ],
    "MYC": [
      0.006907000000000002
    ],
    "CCND1": [
      0.03609700000000002
    ],
    "CCNE1": [
      0.023666999999999997
    ]
  },
  "network_026": {
    "MAPK3": [
      0.5015539999999999
    ],
    "MYC": [
      0.7510000000000001
    ],
    "CCND1": [
      0.7510000000000001
    ],
    "CCNE1": [
      0.502
    ]
  },
  "network_027": {
    "MAPK3": [
      0.4944510000000004
    ],
    "MYC": [
      0.14684500000000014
    ],
    "CCND1": [
      0.3023920000000002
    ],
    "CCNE1": [
      0.13579300000000002
    ]
  },
  "network_028": {
    "MAPK3": [
      0.8141620000000003
    ],
    "MYC": [
      0.3531280000000001
    ],
    "CCND1": [
      0.9664990000000007
    ],
    "CCNE1": [
      0.8122880000000005
    ]
  }
}